/home/malysheva/Speech_Recognition_seva/VCTK-Corpus/wav48/p239/p239_448.wav,/home/malysheva/Speech_Recognition_seva/VCTK-Corpus/txt/p239/p239_448.txt
/home/malysheva/Speech_Recognition_seva/VCTK-Corpus/wav48/p239/p239_059.wav,/home/malysheva/Speech_Recognition_seva/VCTK-Corpus/txt/p239/p239_059.txt
/home/malysheva/Speech_Recognition_seva/VCTK-Corpus/wav48/p239/p239_498.wav,/home/malysheva/Speech_Recognition_seva/VCTK-Corpus/txt/p239/p239_498.txt
/home/malysheva/Speech_Recognition_seva/VCTK-Corpus/wav48/p239/p239_463.wav,/home/malysheva/Speech_Recognition_seva/VCTK-Corpus/txt/p239/p239_463.txt
/home/malysheva/Speech_Recognition_seva/VCTK-Corpus/wav48/p239/p239_492.wav,/home/malysheva/Speech_Recognition_seva/VCTK-Corpus/txt/p239/p239_492.txt
/home/malysheva/Speech_Recognition_seva/VCTK-Corpus/wav48/p239/p239_079.wav,/home/malysheva/Speech_Recognition_seva/VCTK-Corpus/txt/p239/p239_079.txt
/home/malysheva/Speech_Recognition_seva/VCTK-Corpus/wav48/p239/p239_213.wav,/home/malysheva/Speech_Recognition_seva/VCTK-Corpus/txt/p239/p239_213.txt
/home/malysheva/Speech_Recognition_seva/VCTK-Corpus/wav48/p239/p239_330.wav,/home/malysheva/Speech_Recognition_seva/VCTK-Corpus/txt/p239/p239_330.txt
/home/malysheva/Speech_Recognition_seva/VCTK-Corpus/wav48/p239/p239_471.wav,/home/malysheva/Speech_Recognition_seva/VCTK-Corpus/txt/p239/p239_471.txt
/home/malysheva/Speech_Recognition_seva/VCTK-Corpus/wav48/p239/p239_136.wav,/home/malysheva/Speech_Recognition_seva/VCTK-Corpus/txt/p239/p239_136.txt
/home/malysheva/Speech_Recognition_seva/VCTK-Corpus/wav48/p239/p239_169.wav,/home/malysheva/Speech_Recognition_seva/VCTK-Corpus/txt/p239/p239_169.txt
/home/malysheva/Speech_Recognition_seva/VCTK-Corpus/wav48/p239/p239_156.wav,/home/malysheva/Speech_Recognition_seva/VCTK-Corpus/txt/p239/p239_156.txt
/home/malysheva/Speech_Recognition_seva/VCTK-Corpus/wav48/p239/p239_432.wav,/home/malysheva/Speech_Recognition_seva/VCTK-Corpus/txt/p239/p239_432.txt
/home/malysheva/Speech_Recognition_seva/VCTK-Corpus/wav48/p239/p239_155.wav,/home/malysheva/Speech_Recognition_seva/VCTK-Corpus/txt/p239/p239_155.txt
/home/malysheva/Speech_Recognition_seva/VCTK-Corpus/wav48/p239/p239_337.wav,/home/malysheva/Speech_Recognition_seva/VCTK-Corpus/txt/p239/p239_337.txt
/home/malysheva/Speech_Recognition_seva/VCTK-Corpus/wav48/p239/p239_390.wav,/home/malysheva/Speech_Recognition_seva/VCTK-Corpus/txt/p239/p239_390.txt
/home/malysheva/Speech_Recognition_seva/VCTK-Corpus/wav48/p239/p239_464.wav,/home/malysheva/Speech_Recognition_seva/VCTK-Corpus/txt/p239/p239_464.txt
/home/malysheva/Speech_Recognition_seva/VCTK-Corpus/wav48/p239/p239_166.wav,/home/malysheva/Speech_Recognition_seva/VCTK-Corpus/txt/p239/p239_166.txt
/home/malysheva/Speech_Recognition_seva/VCTK-Corpus/wav48/p239/p239_249.wav,/home/malysheva/Speech_Recognition_seva/VCTK-Corpus/txt/p239/p239_249.txt
/home/malysheva/Speech_Recognition_seva/VCTK-Corpus/wav48/p239/p239_284.wav,/home/malysheva/Speech_Recognition_seva/VCTK-Corpus/txt/p239/p239_284.txt
/home/malysheva/Speech_Recognition_seva/VCTK-Corpus/wav48/p239/p239_314.wav,/home/malysheva/Speech_Recognition_seva/VCTK-Corpus/txt/p239/p239_314.txt
/home/malysheva/Speech_Recognition_seva/VCTK-Corpus/wav48/p239/p239_484.wav,/home/malysheva/Speech_Recognition_seva/VCTK-Corpus/txt/p239/p239_484.txt
/home/malysheva/Speech_Recognition_seva/VCTK-Corpus/wav48/p239/p239_382.wav,/home/malysheva/Speech_Recognition_seva/VCTK-Corpus/txt/p239/p239_382.txt
/home/malysheva/Speech_Recognition_seva/VCTK-Corpus/wav48/p239/p239_325.wav,/home/malysheva/Speech_Recognition_seva/VCTK-Corpus/txt/p239/p239_325.txt
/home/malysheva/Speech_Recognition_seva/VCTK-Corpus/wav48/p239/p239_455.wav,/home/malysheva/Speech_Recognition_seva/VCTK-Corpus/txt/p239/p239_455.txt
/home/malysheva/Speech_Recognition_seva/VCTK-Corpus/wav48/p239/p239_424.wav,/home/malysheva/Speech_Recognition_seva/VCTK-Corpus/txt/p239/p239_424.txt
/home/malysheva/Speech_Recognition_seva/VCTK-Corpus/wav48/p239/p239_375.wav,/home/malysheva/Speech_Recognition_seva/VCTK-Corpus/txt/p239/p239_375.txt
/home/malysheva/Speech_Recognition_seva/VCTK-Corpus/wav48/p239/p239_319.wav,/home/malysheva/Speech_Recognition_seva/VCTK-Corpus/txt/p239/p239_319.txt
/home/malysheva/Speech_Recognition_seva/VCTK-Corpus/wav48/p239/p239_129.wav,/home/malysheva/Speech_Recognition_seva/VCTK-Corpus/txt/p239/p239_129.txt
/home/malysheva/Speech_Recognition_seva/VCTK-Corpus/wav48/p239/p239_077.wav,/home/malysheva/Speech_Recognition_seva/VCTK-Corpus/txt/p239/p239_077.txt
/home/malysheva/Speech_Recognition_seva/VCTK-Corpus/wav48/p239/p239_368.wav,/home/malysheva/Speech_Recognition_seva/VCTK-Corpus/txt/p239/p239_368.txt
/home/malysheva/Speech_Recognition_seva/VCTK-Corpus/wav48/p239/p239_405.wav,/home/malysheva/Speech_Recognition_seva/VCTK-Corpus/txt/p239/p239_405.txt
/home/malysheva/Speech_Recognition_seva/VCTK-Corpus/wav48/p239/p239_108.wav,/home/malysheva/Speech_Recognition_seva/VCTK-Corpus/txt/p239/p239_108.txt
/home/malysheva/Speech_Recognition_seva/VCTK-Corpus/wav48/p239/p239_277.wav,/home/malysheva/Speech_Recognition_seva/VCTK-Corpus/txt/p239/p239_277.txt
/home/malysheva/Speech_Recognition_seva/VCTK-Corpus/wav48/p239/p239_403.wav,/home/malysheva/Speech_Recognition_seva/VCTK-Corpus/txt/p239/p239_403.txt
/home/malysheva/Speech_Recognition_seva/VCTK-Corpus/wav48/p239/p239_111.wav,/home/malysheva/Speech_Recognition_seva/VCTK-Corpus/txt/p239/p239_111.txt
/home/malysheva/Speech_Recognition_seva/VCTK-Corpus/wav48/p239/p239_204.wav,/home/malysheva/Speech_Recognition_seva/VCTK-Corpus/txt/p239/p239_204.txt
/home/malysheva/Speech_Recognition_seva/VCTK-Corpus/wav48/p239/p239_179.wav,/home/malysheva/Speech_Recognition_seva/VCTK-Corpus/txt/p239/p239_179.txt
/home/malysheva/Speech_Recognition_seva/VCTK-Corpus/wav48/p239/p239_490.wav,/home/malysheva/Speech_Recognition_seva/VCTK-Corpus/txt/p239/p239_490.txt
/home/malysheva/Speech_Recognition_seva/VCTK-Corpus/wav48/p239/p239_061.wav,/home/malysheva/Speech_Recognition_seva/VCTK-Corpus/txt/p239/p239_061.txt
/home/malysheva/Speech_Recognition_seva/VCTK-Corpus/wav48/p239/p239_066.wav,/home/malysheva/Speech_Recognition_seva/VCTK-Corpus/txt/p239/p239_066.txt
/home/malysheva/Speech_Recognition_seva/VCTK-Corpus/wav48/p239/p239_085.wav,/home/malysheva/Speech_Recognition_seva/VCTK-Corpus/txt/p239/p239_085.txt
/home/malysheva/Speech_Recognition_seva/VCTK-Corpus/wav48/p239/p239_241.wav,/home/malysheva/Speech_Recognition_seva/VCTK-Corpus/txt/p239/p239_241.txt
/home/malysheva/Speech_Recognition_seva/VCTK-Corpus/wav48/p239/p239_003.wav,/home/malysheva/Speech_Recognition_seva/VCTK-Corpus/txt/p239/p239_003.txt
/home/malysheva/Speech_Recognition_seva/VCTK-Corpus/wav48/p239/p239_377.wav,/home/malysheva/Speech_Recognition_seva/VCTK-Corpus/txt/p239/p239_377.txt
/home/malysheva/Speech_Recognition_seva/VCTK-Corpus/wav48/p239/p239_353.wav,/home/malysheva/Speech_Recognition_seva/VCTK-Corpus/txt/p239/p239_353.txt
/home/malysheva/Speech_Recognition_seva/VCTK-Corpus/wav48/p239/p239_040.wav,/home/malysheva/Speech_Recognition_seva/VCTK-Corpus/txt/p239/p239_040.txt
/home/malysheva/Speech_Recognition_seva/VCTK-Corpus/wav48/p239/p239_013.wav,/home/malysheva/Speech_Recognition_seva/VCTK-Corpus/txt/p239/p239_013.txt
/home/malysheva/Speech_Recognition_seva/VCTK-Corpus/wav48/p239/p239_238.wav,/home/malysheva/Speech_Recognition_seva/VCTK-Corpus/txt/p239/p239_238.txt
/home/malysheva/Speech_Recognition_seva/VCTK-Corpus/wav48/p239/p239_344.wav,/home/malysheva/Speech_Recognition_seva/VCTK-Corpus/txt/p239/p239_344.txt
/home/malysheva/Speech_Recognition_seva/VCTK-Corpus/wav48/p239/p239_324.wav,/home/malysheva/Speech_Recognition_seva/VCTK-Corpus/txt/p239/p239_324.txt
/home/malysheva/Speech_Recognition_seva/VCTK-Corpus/wav48/p239/p239_047.wav,/home/malysheva/Speech_Recognition_seva/VCTK-Corpus/txt/p239/p239_047.txt
/home/malysheva/Speech_Recognition_seva/VCTK-Corpus/wav48/p239/p239_019.wav,/home/malysheva/Speech_Recognition_seva/VCTK-Corpus/txt/p239/p239_019.txt
/home/malysheva/Speech_Recognition_seva/VCTK-Corpus/wav48/p239/p239_255.wav,/home/malysheva/Speech_Recognition_seva/VCTK-Corpus/txt/p239/p239_255.txt
/home/malysheva/Speech_Recognition_seva/VCTK-Corpus/wav48/p239/p239_451.wav,/home/malysheva/Speech_Recognition_seva/VCTK-Corpus/txt/p239/p239_451.txt
/home/malysheva/Speech_Recognition_seva/VCTK-Corpus/wav48/p239/p239_262.wav,/home/malysheva/Speech_Recognition_seva/VCTK-Corpus/txt/p239/p239_262.txt
/home/malysheva/Speech_Recognition_seva/VCTK-Corpus/wav48/p239/p239_348.wav,/home/malysheva/Speech_Recognition_seva/VCTK-Corpus/txt/p239/p239_348.txt
/home/malysheva/Speech_Recognition_seva/VCTK-Corpus/wav48/p239/p239_030.wav,/home/malysheva/Speech_Recognition_seva/VCTK-Corpus/txt/p239/p239_030.txt
/home/malysheva/Speech_Recognition_seva/VCTK-Corpus/wav48/p239/p239_402.wav,/home/malysheva/Speech_Recognition_seva/VCTK-Corpus/txt/p239/p239_402.txt
/home/malysheva/Speech_Recognition_seva/VCTK-Corpus/wav48/p239/p239_350.wav,/home/malysheva/Speech_Recognition_seva/VCTK-Corpus/txt/p239/p239_350.txt
/home/malysheva/Speech_Recognition_seva/VCTK-Corpus/wav48/p239/p239_146.wav,/home/malysheva/Speech_Recognition_seva/VCTK-Corpus/txt/p239/p239_146.txt
/home/malysheva/Speech_Recognition_seva/VCTK-Corpus/wav48/p239/p239_280.wav,/home/malysheva/Speech_Recognition_seva/VCTK-Corpus/txt/p239/p239_280.txt
/home/malysheva/Speech_Recognition_seva/VCTK-Corpus/wav48/p239/p239_429.wav,/home/malysheva/Speech_Recognition_seva/VCTK-Corpus/txt/p239/p239_429.txt
/home/malysheva/Speech_Recognition_seva/VCTK-Corpus/wav48/p239/p239_092.wav,/home/malysheva/Speech_Recognition_seva/VCTK-Corpus/txt/p239/p239_092.txt
/home/malysheva/Speech_Recognition_seva/VCTK-Corpus/wav48/p239/p239_335.wav,/home/malysheva/Speech_Recognition_seva/VCTK-Corpus/txt/p239/p239_335.txt
/home/malysheva/Speech_Recognition_seva/VCTK-Corpus/wav48/p239/p239_195.wav,/home/malysheva/Speech_Recognition_seva/VCTK-Corpus/txt/p239/p239_195.txt
/home/malysheva/Speech_Recognition_seva/VCTK-Corpus/wav48/p239/p239_001.wav,/home/malysheva/Speech_Recognition_seva/VCTK-Corpus/txt/p239/p239_001.txt
/home/malysheva/Speech_Recognition_seva/VCTK-Corpus/wav48/p239/p239_103.wav,/home/malysheva/Speech_Recognition_seva/VCTK-Corpus/txt/p239/p239_103.txt
/home/malysheva/Speech_Recognition_seva/VCTK-Corpus/wav48/p239/p239_421.wav,/home/malysheva/Speech_Recognition_seva/VCTK-Corpus/txt/p239/p239_421.txt
/home/malysheva/Speech_Recognition_seva/VCTK-Corpus/wav48/p239/p239_062.wav,/home/malysheva/Speech_Recognition_seva/VCTK-Corpus/txt/p239/p239_062.txt
/home/malysheva/Speech_Recognition_seva/VCTK-Corpus/wav48/p239/p239_015.wav,/home/malysheva/Speech_Recognition_seva/VCTK-Corpus/txt/p239/p239_015.txt
/home/malysheva/Speech_Recognition_seva/VCTK-Corpus/wav48/p239/p239_247.wav,/home/malysheva/Speech_Recognition_seva/VCTK-Corpus/txt/p239/p239_247.txt
/home/malysheva/Speech_Recognition_seva/VCTK-Corpus/wav48/p239/p239_373.wav,/home/malysheva/Speech_Recognition_seva/VCTK-Corpus/txt/p239/p239_373.txt
/home/malysheva/Speech_Recognition_seva/VCTK-Corpus/wav48/p239/p239_445.wav,/home/malysheva/Speech_Recognition_seva/VCTK-Corpus/txt/p239/p239_445.txt
/home/malysheva/Speech_Recognition_seva/VCTK-Corpus/wav48/p239/p239_411.wav,/home/malysheva/Speech_Recognition_seva/VCTK-Corpus/txt/p239/p239_411.txt
/home/malysheva/Speech_Recognition_seva/VCTK-Corpus/wav48/p239/p239_124.wav,/home/malysheva/Speech_Recognition_seva/VCTK-Corpus/txt/p239/p239_124.txt
/home/malysheva/Speech_Recognition_seva/VCTK-Corpus/wav48/p239/p239_301.wav,/home/malysheva/Speech_Recognition_seva/VCTK-Corpus/txt/p239/p239_301.txt
/home/malysheva/Speech_Recognition_seva/VCTK-Corpus/wav48/p239/p239_132.wav,/home/malysheva/Speech_Recognition_seva/VCTK-Corpus/txt/p239/p239_132.txt
/home/malysheva/Speech_Recognition_seva/VCTK-Corpus/wav48/p239/p239_253.wav,/home/malysheva/Speech_Recognition_seva/VCTK-Corpus/txt/p239/p239_253.txt
/home/malysheva/Speech_Recognition_seva/VCTK-Corpus/wav48/p239/p239_081.wav,/home/malysheva/Speech_Recognition_seva/VCTK-Corpus/txt/p239/p239_081.txt
/home/malysheva/Speech_Recognition_seva/VCTK-Corpus/wav48/p239/p239_425.wav,/home/malysheva/Speech_Recognition_seva/VCTK-Corpus/txt/p239/p239_425.txt
/home/malysheva/Speech_Recognition_seva/VCTK-Corpus/wav48/p239/p239_181.wav,/home/malysheva/Speech_Recognition_seva/VCTK-Corpus/txt/p239/p239_181.txt
/home/malysheva/Speech_Recognition_seva/VCTK-Corpus/wav48/p239/p239_502.wav,/home/malysheva/Speech_Recognition_seva/VCTK-Corpus/txt/p239/p239_502.txt
/home/malysheva/Speech_Recognition_seva/VCTK-Corpus/wav48/p239/p239_052.wav,/home/malysheva/Speech_Recognition_seva/VCTK-Corpus/txt/p239/p239_052.txt
/home/malysheva/Speech_Recognition_seva/VCTK-Corpus/wav48/p239/p239_148.wav,/home/malysheva/Speech_Recognition_seva/VCTK-Corpus/txt/p239/p239_148.txt
/home/malysheva/Speech_Recognition_seva/VCTK-Corpus/wav48/p239/p239_202.wav,/home/malysheva/Speech_Recognition_seva/VCTK-Corpus/txt/p239/p239_202.txt
/home/malysheva/Speech_Recognition_seva/VCTK-Corpus/wav48/p239/p239_435.wav,/home/malysheva/Speech_Recognition_seva/VCTK-Corpus/txt/p239/p239_435.txt
/home/malysheva/Speech_Recognition_seva/VCTK-Corpus/wav48/p239/p239_027.wav,/home/malysheva/Speech_Recognition_seva/VCTK-Corpus/txt/p239/p239_027.txt
/home/malysheva/Speech_Recognition_seva/VCTK-Corpus/wav48/p239/p239_299.wav,/home/malysheva/Speech_Recognition_seva/VCTK-Corpus/txt/p239/p239_299.txt
/home/malysheva/Speech_Recognition_seva/VCTK-Corpus/wav48/p239/p239_192.wav,/home/malysheva/Speech_Recognition_seva/VCTK-Corpus/txt/p239/p239_192.txt
/home/malysheva/Speech_Recognition_seva/VCTK-Corpus/wav48/p239/p239_002.wav,/home/malysheva/Speech_Recognition_seva/VCTK-Corpus/txt/p239/p239_002.txt
/home/malysheva/Speech_Recognition_seva/VCTK-Corpus/wav48/p239/p239_147.wav,/home/malysheva/Speech_Recognition_seva/VCTK-Corpus/txt/p239/p239_147.txt
/home/malysheva/Speech_Recognition_seva/VCTK-Corpus/wav48/p239/p239_057.wav,/home/malysheva/Speech_Recognition_seva/VCTK-Corpus/txt/p239/p239_057.txt
/home/malysheva/Speech_Recognition_seva/VCTK-Corpus/wav48/p239/p239_187.wav,/home/malysheva/Speech_Recognition_seva/VCTK-Corpus/txt/p239/p239_187.txt
/home/malysheva/Speech_Recognition_seva/VCTK-Corpus/wav48/p239/p239_327.wav,/home/malysheva/Speech_Recognition_seva/VCTK-Corpus/txt/p239/p239_327.txt
/home/malysheva/Speech_Recognition_seva/VCTK-Corpus/wav48/p239/p239_495.wav,/home/malysheva/Speech_Recognition_seva/VCTK-Corpus/txt/p239/p239_495.txt
/home/malysheva/Speech_Recognition_seva/VCTK-Corpus/wav48/p239/p239_265.wav,/home/malysheva/Speech_Recognition_seva/VCTK-Corpus/txt/p239/p239_265.txt
/home/malysheva/Speech_Recognition_seva/VCTK-Corpus/wav48/p239/p239_456.wav,/home/malysheva/Speech_Recognition_seva/VCTK-Corpus/txt/p239/p239_456.txt
/home/malysheva/Speech_Recognition_seva/VCTK-Corpus/wav48/p239/p239_450.wav,/home/malysheva/Speech_Recognition_seva/VCTK-Corpus/txt/p239/p239_450.txt
/home/malysheva/Speech_Recognition_seva/VCTK-Corpus/wav48/p239/p239_045.wav,/home/malysheva/Speech_Recognition_seva/VCTK-Corpus/txt/p239/p239_045.txt
/home/malysheva/Speech_Recognition_seva/VCTK-Corpus/wav48/p239/p239_198.wav,/home/malysheva/Speech_Recognition_seva/VCTK-Corpus/txt/p239/p239_198.txt
/home/malysheva/Speech_Recognition_seva/VCTK-Corpus/wav48/p239/p239_104.wav,/home/malysheva/Speech_Recognition_seva/VCTK-Corpus/txt/p239/p239_104.txt
/home/malysheva/Speech_Recognition_seva/VCTK-Corpus/wav48/p239/p239_222.wav,/home/malysheva/Speech_Recognition_seva/VCTK-Corpus/txt/p239/p239_222.txt
/home/malysheva/Speech_Recognition_seva/VCTK-Corpus/wav48/p239/p239_190.wav,/home/malysheva/Speech_Recognition_seva/VCTK-Corpus/txt/p239/p239_190.txt
/home/malysheva/Speech_Recognition_seva/VCTK-Corpus/wav48/p239/p239_417.wav,/home/malysheva/Speech_Recognition_seva/VCTK-Corpus/txt/p239/p239_417.txt
/home/malysheva/Speech_Recognition_seva/VCTK-Corpus/wav48/p239/p239_056.wav,/home/malysheva/Speech_Recognition_seva/VCTK-Corpus/txt/p239/p239_056.txt
/home/malysheva/Speech_Recognition_seva/VCTK-Corpus/wav48/p239/p239_134.wav,/home/malysheva/Speech_Recognition_seva/VCTK-Corpus/txt/p239/p239_134.txt
/home/malysheva/Speech_Recognition_seva/VCTK-Corpus/wav48/p239/p239_248.wav,/home/malysheva/Speech_Recognition_seva/VCTK-Corpus/txt/p239/p239_248.txt
/home/malysheva/Speech_Recognition_seva/VCTK-Corpus/wav48/p239/p239_370.wav,/home/malysheva/Speech_Recognition_seva/VCTK-Corpus/txt/p239/p239_370.txt
/home/malysheva/Speech_Recognition_seva/VCTK-Corpus/wav48/p239/p239_396.wav,/home/malysheva/Speech_Recognition_seva/VCTK-Corpus/txt/p239/p239_396.txt
/home/malysheva/Speech_Recognition_seva/VCTK-Corpus/wav48/p239/p239_283.wav,/home/malysheva/Speech_Recognition_seva/VCTK-Corpus/txt/p239/p239_283.txt
/home/malysheva/Speech_Recognition_seva/VCTK-Corpus/wav48/p239/p239_185.wav,/home/malysheva/Speech_Recognition_seva/VCTK-Corpus/txt/p239/p239_185.txt
/home/malysheva/Speech_Recognition_seva/VCTK-Corpus/wav48/p239/p239_273.wav,/home/malysheva/Speech_Recognition_seva/VCTK-Corpus/txt/p239/p239_273.txt
/home/malysheva/Speech_Recognition_seva/VCTK-Corpus/wav48/p239/p239_126.wav,/home/malysheva/Speech_Recognition_seva/VCTK-Corpus/txt/p239/p239_126.txt
/home/malysheva/Speech_Recognition_seva/VCTK-Corpus/wav48/p239/p239_112.wav,/home/malysheva/Speech_Recognition_seva/VCTK-Corpus/txt/p239/p239_112.txt
/home/malysheva/Speech_Recognition_seva/VCTK-Corpus/wav48/p239/p239_244.wav,/home/malysheva/Speech_Recognition_seva/VCTK-Corpus/txt/p239/p239_244.txt
/home/malysheva/Speech_Recognition_seva/VCTK-Corpus/wav48/p239/p239_304.wav,/home/malysheva/Speech_Recognition_seva/VCTK-Corpus/txt/p239/p239_304.txt
/home/malysheva/Speech_Recognition_seva/VCTK-Corpus/wav48/p239/p239_203.wav,/home/malysheva/Speech_Recognition_seva/VCTK-Corpus/txt/p239/p239_203.txt
/home/malysheva/Speech_Recognition_seva/VCTK-Corpus/wav48/p239/p239_473.wav,/home/malysheva/Speech_Recognition_seva/VCTK-Corpus/txt/p239/p239_473.txt
/home/malysheva/Speech_Recognition_seva/VCTK-Corpus/wav48/p239/p239_479.wav,/home/malysheva/Speech_Recognition_seva/VCTK-Corpus/txt/p239/p239_479.txt
/home/malysheva/Speech_Recognition_seva/VCTK-Corpus/wav48/p239/p239_180.wav,/home/malysheva/Speech_Recognition_seva/VCTK-Corpus/txt/p239/p239_180.txt
/home/malysheva/Speech_Recognition_seva/VCTK-Corpus/wav48/p239/p239_242.wav,/home/malysheva/Speech_Recognition_seva/VCTK-Corpus/txt/p239/p239_242.txt
/home/malysheva/Speech_Recognition_seva/VCTK-Corpus/wav48/p239/p239_209.wav,/home/malysheva/Speech_Recognition_seva/VCTK-Corpus/txt/p239/p239_209.txt
/home/malysheva/Speech_Recognition_seva/VCTK-Corpus/wav48/p239/p239_268.wav,/home/malysheva/Speech_Recognition_seva/VCTK-Corpus/txt/p239/p239_268.txt
/home/malysheva/Speech_Recognition_seva/VCTK-Corpus/wav48/p239/p239_167.wav,/home/malysheva/Speech_Recognition_seva/VCTK-Corpus/txt/p239/p239_167.txt
/home/malysheva/Speech_Recognition_seva/VCTK-Corpus/wav48/p239/p239_131.wav,/home/malysheva/Speech_Recognition_seva/VCTK-Corpus/txt/p239/p239_131.txt
/home/malysheva/Speech_Recognition_seva/VCTK-Corpus/wav48/p239/p239_145.wav,/home/malysheva/Speech_Recognition_seva/VCTK-Corpus/txt/p239/p239_145.txt
/home/malysheva/Speech_Recognition_seva/VCTK-Corpus/wav48/p239/p239_416.wav,/home/malysheva/Speech_Recognition_seva/VCTK-Corpus/txt/p239/p239_416.txt
/home/malysheva/Speech_Recognition_seva/VCTK-Corpus/wav48/p239/p239_433.wav,/home/malysheva/Speech_Recognition_seva/VCTK-Corpus/txt/p239/p239_433.txt
/home/malysheva/Speech_Recognition_seva/VCTK-Corpus/wav48/p239/p239_399.wav,/home/malysheva/Speech_Recognition_seva/VCTK-Corpus/txt/p239/p239_399.txt
/home/malysheva/Speech_Recognition_seva/VCTK-Corpus/wav48/p239/p239_476.wav,/home/malysheva/Speech_Recognition_seva/VCTK-Corpus/txt/p239/p239_476.txt
/home/malysheva/Speech_Recognition_seva/VCTK-Corpus/wav48/p239/p239_226.wav,/home/malysheva/Speech_Recognition_seva/VCTK-Corpus/txt/p239/p239_226.txt
/home/malysheva/Speech_Recognition_seva/VCTK-Corpus/wav48/p239/p239_351.wav,/home/malysheva/Speech_Recognition_seva/VCTK-Corpus/txt/p239/p239_351.txt
/home/malysheva/Speech_Recognition_seva/VCTK-Corpus/wav48/p239/p239_475.wav,/home/malysheva/Speech_Recognition_seva/VCTK-Corpus/txt/p239/p239_475.txt
/home/malysheva/Speech_Recognition_seva/VCTK-Corpus/wav48/p239/p239_302.wav,/home/malysheva/Speech_Recognition_seva/VCTK-Corpus/txt/p239/p239_302.txt
/home/malysheva/Speech_Recognition_seva/VCTK-Corpus/wav48/p239/p239_216.wav,/home/malysheva/Speech_Recognition_seva/VCTK-Corpus/txt/p239/p239_216.txt
/home/malysheva/Speech_Recognition_seva/VCTK-Corpus/wav48/p239/p239_379.wav,/home/malysheva/Speech_Recognition_seva/VCTK-Corpus/txt/p239/p239_379.txt
/home/malysheva/Speech_Recognition_seva/VCTK-Corpus/wav48/p239/p239_361.wav,/home/malysheva/Speech_Recognition_seva/VCTK-Corpus/txt/p239/p239_361.txt
/home/malysheva/Speech_Recognition_seva/VCTK-Corpus/wav48/p239/p239_218.wav,/home/malysheva/Speech_Recognition_seva/VCTK-Corpus/txt/p239/p239_218.txt
/home/malysheva/Speech_Recognition_seva/VCTK-Corpus/wav48/p239/p239_258.wav,/home/malysheva/Speech_Recognition_seva/VCTK-Corpus/txt/p239/p239_258.txt
/home/malysheva/Speech_Recognition_seva/VCTK-Corpus/wav48/p239/p239_326.wav,/home/malysheva/Speech_Recognition_seva/VCTK-Corpus/txt/p239/p239_326.txt
/home/malysheva/Speech_Recognition_seva/VCTK-Corpus/wav48/p239/p239_415.wav,/home/malysheva/Speech_Recognition_seva/VCTK-Corpus/txt/p239/p239_415.txt
/home/malysheva/Speech_Recognition_seva/VCTK-Corpus/wav48/p239/p239_287.wav,/home/malysheva/Speech_Recognition_seva/VCTK-Corpus/txt/p239/p239_287.txt
/home/malysheva/Speech_Recognition_seva/VCTK-Corpus/wav48/p239/p239_342.wav,/home/malysheva/Speech_Recognition_seva/VCTK-Corpus/txt/p239/p239_342.txt
/home/malysheva/Speech_Recognition_seva/VCTK-Corpus/wav48/p239/p239_120.wav,/home/malysheva/Speech_Recognition_seva/VCTK-Corpus/txt/p239/p239_120.txt
/home/malysheva/Speech_Recognition_seva/VCTK-Corpus/wav48/p239/p239_127.wav,/home/malysheva/Speech_Recognition_seva/VCTK-Corpus/txt/p239/p239_127.txt
/home/malysheva/Speech_Recognition_seva/VCTK-Corpus/wav48/p239/p239_098.wav,/home/malysheva/Speech_Recognition_seva/VCTK-Corpus/txt/p239/p239_098.txt
/home/malysheva/Speech_Recognition_seva/VCTK-Corpus/wav48/p239/p239_217.wav,/home/malysheva/Speech_Recognition_seva/VCTK-Corpus/txt/p239/p239_217.txt
/home/malysheva/Speech_Recognition_seva/VCTK-Corpus/wav48/p239/p239_430.wav,/home/malysheva/Speech_Recognition_seva/VCTK-Corpus/txt/p239/p239_430.txt
/home/malysheva/Speech_Recognition_seva/VCTK-Corpus/wav48/p239/p239_188.wav,/home/malysheva/Speech_Recognition_seva/VCTK-Corpus/txt/p239/p239_188.txt
/home/malysheva/Speech_Recognition_seva/VCTK-Corpus/wav48/p239/p239_211.wav,/home/malysheva/Speech_Recognition_seva/VCTK-Corpus/txt/p239/p239_211.txt
/home/malysheva/Speech_Recognition_seva/VCTK-Corpus/wav48/p239/p239_033.wav,/home/malysheva/Speech_Recognition_seva/VCTK-Corpus/txt/p239/p239_033.txt
/home/malysheva/Speech_Recognition_seva/VCTK-Corpus/wav48/p239/p239_318.wav,/home/malysheva/Speech_Recognition_seva/VCTK-Corpus/txt/p239/p239_318.txt
/home/malysheva/Speech_Recognition_seva/VCTK-Corpus/wav48/p239/p239_096.wav,/home/malysheva/Speech_Recognition_seva/VCTK-Corpus/txt/p239/p239_096.txt
/home/malysheva/Speech_Recognition_seva/VCTK-Corpus/wav48/p239/p239_323.wav,/home/malysheva/Speech_Recognition_seva/VCTK-Corpus/txt/p239/p239_323.txt
/home/malysheva/Speech_Recognition_seva/VCTK-Corpus/wav48/p239/p239_088.wav,/home/malysheva/Speech_Recognition_seva/VCTK-Corpus/txt/p239/p239_088.txt
/home/malysheva/Speech_Recognition_seva/VCTK-Corpus/wav48/p239/p239_419.wav,/home/malysheva/Speech_Recognition_seva/VCTK-Corpus/txt/p239/p239_419.txt
/home/malysheva/Speech_Recognition_seva/VCTK-Corpus/wav48/p239/p239_158.wav,/home/malysheva/Speech_Recognition_seva/VCTK-Corpus/txt/p239/p239_158.txt
/home/malysheva/Speech_Recognition_seva/VCTK-Corpus/wav48/p239/p239_487.wav,/home/malysheva/Speech_Recognition_seva/VCTK-Corpus/txt/p239/p239_487.txt
/home/malysheva/Speech_Recognition_seva/VCTK-Corpus/wav48/p239/p239_010.wav,/home/malysheva/Speech_Recognition_seva/VCTK-Corpus/txt/p239/p239_010.txt
/home/malysheva/Speech_Recognition_seva/VCTK-Corpus/wav48/p239/p239_072.wav,/home/malysheva/Speech_Recognition_seva/VCTK-Corpus/txt/p239/p239_072.txt
/home/malysheva/Speech_Recognition_seva/VCTK-Corpus/wav48/p239/p239_142.wav,/home/malysheva/Speech_Recognition_seva/VCTK-Corpus/txt/p239/p239_142.txt
/home/malysheva/Speech_Recognition_seva/VCTK-Corpus/wav48/p239/p239_113.wav,/home/malysheva/Speech_Recognition_seva/VCTK-Corpus/txt/p239/p239_113.txt
/home/malysheva/Speech_Recognition_seva/VCTK-Corpus/wav48/p239/p239_341.wav,/home/malysheva/Speech_Recognition_seva/VCTK-Corpus/txt/p239/p239_341.txt
/home/malysheva/Speech_Recognition_seva/VCTK-Corpus/wav48/p239/p239_397.wav,/home/malysheva/Speech_Recognition_seva/VCTK-Corpus/txt/p239/p239_397.txt
/home/malysheva/Speech_Recognition_seva/VCTK-Corpus/wav48/p239/p239_442.wav,/home/malysheva/Speech_Recognition_seva/VCTK-Corpus/txt/p239/p239_442.txt
/home/malysheva/Speech_Recognition_seva/VCTK-Corpus/wav48/p239/p239_240.wav,/home/malysheva/Speech_Recognition_seva/VCTK-Corpus/txt/p239/p239_240.txt
/home/malysheva/Speech_Recognition_seva/VCTK-Corpus/wav48/p239/p239_020.wav,/home/malysheva/Speech_Recognition_seva/VCTK-Corpus/txt/p239/p239_020.txt
/home/malysheva/Speech_Recognition_seva/VCTK-Corpus/wav48/p239/p239_500.wav,/home/malysheva/Speech_Recognition_seva/VCTK-Corpus/txt/p239/p239_500.txt
/home/malysheva/Speech_Recognition_seva/VCTK-Corpus/wav48/p239/p239_386.wav,/home/malysheva/Speech_Recognition_seva/VCTK-Corpus/txt/p239/p239_386.txt
/home/malysheva/Speech_Recognition_seva/VCTK-Corpus/wav48/p239/p239_135.wav,/home/malysheva/Speech_Recognition_seva/VCTK-Corpus/txt/p239/p239_135.txt
/home/malysheva/Speech_Recognition_seva/VCTK-Corpus/wav48/p239/p239_039.wav,/home/malysheva/Speech_Recognition_seva/VCTK-Corpus/txt/p239/p239_039.txt
/home/malysheva/Speech_Recognition_seva/VCTK-Corpus/wav48/p239/p239_279.wav,/home/malysheva/Speech_Recognition_seva/VCTK-Corpus/txt/p239/p239_279.txt
/home/malysheva/Speech_Recognition_seva/VCTK-Corpus/wav48/p239/p239_009.wav,/home/malysheva/Speech_Recognition_seva/VCTK-Corpus/txt/p239/p239_009.txt
/home/malysheva/Speech_Recognition_seva/VCTK-Corpus/wav48/p239/p239_388.wav,/home/malysheva/Speech_Recognition_seva/VCTK-Corpus/txt/p239/p239_388.txt
/home/malysheva/Speech_Recognition_seva/VCTK-Corpus/wav48/p239/p239_036.wav,/home/malysheva/Speech_Recognition_seva/VCTK-Corpus/txt/p239/p239_036.txt
/home/malysheva/Speech_Recognition_seva/VCTK-Corpus/wav48/p239/p239_162.wav,/home/malysheva/Speech_Recognition_seva/VCTK-Corpus/txt/p239/p239_162.txt
/home/malysheva/Speech_Recognition_seva/VCTK-Corpus/wav48/p239/p239_114.wav,/home/malysheva/Speech_Recognition_seva/VCTK-Corpus/txt/p239/p239_114.txt
/home/malysheva/Speech_Recognition_seva/VCTK-Corpus/wav48/p239/p239_034.wav,/home/malysheva/Speech_Recognition_seva/VCTK-Corpus/txt/p239/p239_034.txt
/home/malysheva/Speech_Recognition_seva/VCTK-Corpus/wav48/p239/p239_300.wav,/home/malysheva/Speech_Recognition_seva/VCTK-Corpus/txt/p239/p239_300.txt
/home/malysheva/Speech_Recognition_seva/VCTK-Corpus/wav48/p239/p239_472.wav,/home/malysheva/Speech_Recognition_seva/VCTK-Corpus/txt/p239/p239_472.txt
/home/malysheva/Speech_Recognition_seva/VCTK-Corpus/wav48/p239/p239_139.wav,/home/malysheva/Speech_Recognition_seva/VCTK-Corpus/txt/p239/p239_139.txt
/home/malysheva/Speech_Recognition_seva/VCTK-Corpus/wav48/p239/p239_394.wav,/home/malysheva/Speech_Recognition_seva/VCTK-Corpus/txt/p239/p239_394.txt
/home/malysheva/Speech_Recognition_seva/VCTK-Corpus/wav48/p239/p239_263.wav,/home/malysheva/Speech_Recognition_seva/VCTK-Corpus/txt/p239/p239_263.txt
/home/malysheva/Speech_Recognition_seva/VCTK-Corpus/wav48/p239/p239_250.wav,/home/malysheva/Speech_Recognition_seva/VCTK-Corpus/txt/p239/p239_250.txt
/home/malysheva/Speech_Recognition_seva/VCTK-Corpus/wav48/p239/p239_333.wav,/home/malysheva/Speech_Recognition_seva/VCTK-Corpus/txt/p239/p239_333.txt
/home/malysheva/Speech_Recognition_seva/VCTK-Corpus/wav48/p239/p239_068.wav,/home/malysheva/Speech_Recognition_seva/VCTK-Corpus/txt/p239/p239_068.txt
/home/malysheva/Speech_Recognition_seva/VCTK-Corpus/wav48/p239/p239_205.wav,/home/malysheva/Speech_Recognition_seva/VCTK-Corpus/txt/p239/p239_205.txt
/home/malysheva/Speech_Recognition_seva/VCTK-Corpus/wav48/p239/p239_328.wav,/home/malysheva/Speech_Recognition_seva/VCTK-Corpus/txt/p239/p239_328.txt
/home/malysheva/Speech_Recognition_seva/VCTK-Corpus/wav48/p239/p239_165.wav,/home/malysheva/Speech_Recognition_seva/VCTK-Corpus/txt/p239/p239_165.txt
/home/malysheva/Speech_Recognition_seva/VCTK-Corpus/wav48/p239/p239_438.wav,/home/malysheva/Speech_Recognition_seva/VCTK-Corpus/txt/p239/p239_438.txt
/home/malysheva/Speech_Recognition_seva/VCTK-Corpus/wav48/p239/p239_272.wav,/home/malysheva/Speech_Recognition_seva/VCTK-Corpus/txt/p239/p239_272.txt
/home/malysheva/Speech_Recognition_seva/VCTK-Corpus/wav48/p239/p239_374.wav,/home/malysheva/Speech_Recognition_seva/VCTK-Corpus/txt/p239/p239_374.txt
/home/malysheva/Speech_Recognition_seva/VCTK-Corpus/wav48/p239/p239_099.wav,/home/malysheva/Speech_Recognition_seva/VCTK-Corpus/txt/p239/p239_099.txt
/home/malysheva/Speech_Recognition_seva/VCTK-Corpus/wav48/p239/p239_055.wav,/home/malysheva/Speech_Recognition_seva/VCTK-Corpus/txt/p239/p239_055.txt
/home/malysheva/Speech_Recognition_seva/VCTK-Corpus/wav48/p239/p239_480.wav,/home/malysheva/Speech_Recognition_seva/VCTK-Corpus/txt/p239/p239_480.txt
/home/malysheva/Speech_Recognition_seva/VCTK-Corpus/wav48/p239/p239_051.wav,/home/malysheva/Speech_Recognition_seva/VCTK-Corpus/txt/p239/p239_051.txt
/home/malysheva/Speech_Recognition_seva/VCTK-Corpus/wav48/p239/p239_444.wav,/home/malysheva/Speech_Recognition_seva/VCTK-Corpus/txt/p239/p239_444.txt
/home/malysheva/Speech_Recognition_seva/VCTK-Corpus/wav48/p239/p239_237.wav,/home/malysheva/Speech_Recognition_seva/VCTK-Corpus/txt/p239/p239_237.txt
/home/malysheva/Speech_Recognition_seva/VCTK-Corpus/wav48/p239/p239_298.wav,/home/malysheva/Speech_Recognition_seva/VCTK-Corpus/txt/p239/p239_298.txt
/home/malysheva/Speech_Recognition_seva/VCTK-Corpus/wav48/p239/p239_243.wav,/home/malysheva/Speech_Recognition_seva/VCTK-Corpus/txt/p239/p239_243.txt
/home/malysheva/Speech_Recognition_seva/VCTK-Corpus/wav48/p239/p239_285.wav,/home/malysheva/Speech_Recognition_seva/VCTK-Corpus/txt/p239/p239_285.txt
/home/malysheva/Speech_Recognition_seva/VCTK-Corpus/wav48/p239/p239_093.wav,/home/malysheva/Speech_Recognition_seva/VCTK-Corpus/txt/p239/p239_093.txt
/home/malysheva/Speech_Recognition_seva/VCTK-Corpus/wav48/p239/p239_011.wav,/home/malysheva/Speech_Recognition_seva/VCTK-Corpus/txt/p239/p239_011.txt
/home/malysheva/Speech_Recognition_seva/VCTK-Corpus/wav48/p239/p239_457.wav,/home/malysheva/Speech_Recognition_seva/VCTK-Corpus/txt/p239/p239_457.txt
/home/malysheva/Speech_Recognition_seva/VCTK-Corpus/wav48/p239/p239_362.wav,/home/malysheva/Speech_Recognition_seva/VCTK-Corpus/txt/p239/p239_362.txt
/home/malysheva/Speech_Recognition_seva/VCTK-Corpus/wav48/p239/p239_334.wav,/home/malysheva/Speech_Recognition_seva/VCTK-Corpus/txt/p239/p239_334.txt
/home/malysheva/Speech_Recognition_seva/VCTK-Corpus/wav48/p239/p239_037.wav,/home/malysheva/Speech_Recognition_seva/VCTK-Corpus/txt/p239/p239_037.txt
/home/malysheva/Speech_Recognition_seva/VCTK-Corpus/wav48/p239/p239_489.wav,/home/malysheva/Speech_Recognition_seva/VCTK-Corpus/txt/p239/p239_489.txt
/home/malysheva/Speech_Recognition_seva/VCTK-Corpus/wav48/p239/p239_468.wav,/home/malysheva/Speech_Recognition_seva/VCTK-Corpus/txt/p239/p239_468.txt
/home/malysheva/Speech_Recognition_seva/VCTK-Corpus/wav48/p239/p239_483.wav,/home/malysheva/Speech_Recognition_seva/VCTK-Corpus/txt/p239/p239_483.txt
/home/malysheva/Speech_Recognition_seva/VCTK-Corpus/wav48/p239/p239_401.wav,/home/malysheva/Speech_Recognition_seva/VCTK-Corpus/txt/p239/p239_401.txt
/home/malysheva/Speech_Recognition_seva/VCTK-Corpus/wav48/p239/p239_140.wav,/home/malysheva/Speech_Recognition_seva/VCTK-Corpus/txt/p239/p239_140.txt
/home/malysheva/Speech_Recognition_seva/VCTK-Corpus/wav48/p239/p239_452.wav,/home/malysheva/Speech_Recognition_seva/VCTK-Corpus/txt/p239/p239_452.txt
/home/malysheva/Speech_Recognition_seva/VCTK-Corpus/wav48/p239/p239_038.wav,/home/malysheva/Speech_Recognition_seva/VCTK-Corpus/txt/p239/p239_038.txt
/home/malysheva/Speech_Recognition_seva/VCTK-Corpus/wav48/p239/p239_149.wav,/home/malysheva/Speech_Recognition_seva/VCTK-Corpus/txt/p239/p239_149.txt
/home/malysheva/Speech_Recognition_seva/VCTK-Corpus/wav48/p239/p239_499.wav,/home/malysheva/Speech_Recognition_seva/VCTK-Corpus/txt/p239/p239_499.txt
/home/malysheva/Speech_Recognition_seva/VCTK-Corpus/wav48/p239/p239_355.wav,/home/malysheva/Speech_Recognition_seva/VCTK-Corpus/txt/p239/p239_355.txt
/home/malysheva/Speech_Recognition_seva/VCTK-Corpus/wav48/p239/p239_189.wav,/home/malysheva/Speech_Recognition_seva/VCTK-Corpus/txt/p239/p239_189.txt
/home/malysheva/Speech_Recognition_seva/VCTK-Corpus/wav48/p239/p239_271.wav,/home/malysheva/Speech_Recognition_seva/VCTK-Corpus/txt/p239/p239_271.txt
/home/malysheva/Speech_Recognition_seva/VCTK-Corpus/wav48/p239/p239_391.wav,/home/malysheva/Speech_Recognition_seva/VCTK-Corpus/txt/p239/p239_391.txt
/home/malysheva/Speech_Recognition_seva/VCTK-Corpus/wav48/p239/p239_023.wav,/home/malysheva/Speech_Recognition_seva/VCTK-Corpus/txt/p239/p239_023.txt
/home/malysheva/Speech_Recognition_seva/VCTK-Corpus/wav48/p239/p239_378.wav,/home/malysheva/Speech_Recognition_seva/VCTK-Corpus/txt/p239/p239_378.txt
/home/malysheva/Speech_Recognition_seva/VCTK-Corpus/wav48/p239/p239_168.wav,/home/malysheva/Speech_Recognition_seva/VCTK-Corpus/txt/p239/p239_168.txt
/home/malysheva/Speech_Recognition_seva/VCTK-Corpus/wav48/p239/p239_269.wav,/home/malysheva/Speech_Recognition_seva/VCTK-Corpus/txt/p239/p239_269.txt
/home/malysheva/Speech_Recognition_seva/VCTK-Corpus/wav48/p239/p239_372.wav,/home/malysheva/Speech_Recognition_seva/VCTK-Corpus/txt/p239/p239_372.txt
/home/malysheva/Speech_Recognition_seva/VCTK-Corpus/wav48/p239/p239_087.wav,/home/malysheva/Speech_Recognition_seva/VCTK-Corpus/txt/p239/p239_087.txt
/home/malysheva/Speech_Recognition_seva/VCTK-Corpus/wav48/p239/p239_123.wav,/home/malysheva/Speech_Recognition_seva/VCTK-Corpus/txt/p239/p239_123.txt
/home/malysheva/Speech_Recognition_seva/VCTK-Corpus/wav48/p239/p239_413.wav,/home/malysheva/Speech_Recognition_seva/VCTK-Corpus/txt/p239/p239_413.txt
/home/malysheva/Speech_Recognition_seva/VCTK-Corpus/wav48/p239/p239_336.wav,/home/malysheva/Speech_Recognition_seva/VCTK-Corpus/txt/p239/p239_336.txt
/home/malysheva/Speech_Recognition_seva/VCTK-Corpus/wav48/p239/p239_400.wav,/home/malysheva/Speech_Recognition_seva/VCTK-Corpus/txt/p239/p239_400.txt
/home/malysheva/Speech_Recognition_seva/VCTK-Corpus/wav48/p239/p239_307.wav,/home/malysheva/Speech_Recognition_seva/VCTK-Corpus/txt/p239/p239_307.txt
/home/malysheva/Speech_Recognition_seva/VCTK-Corpus/wav48/p239/p239_212.wav,/home/malysheva/Speech_Recognition_seva/VCTK-Corpus/txt/p239/p239_212.txt
/home/malysheva/Speech_Recognition_seva/VCTK-Corpus/wav48/p239/p239_220.wav,/home/malysheva/Speech_Recognition_seva/VCTK-Corpus/txt/p239/p239_220.txt
/home/malysheva/Speech_Recognition_seva/VCTK-Corpus/wav48/p239/p239_050.wav,/home/malysheva/Speech_Recognition_seva/VCTK-Corpus/txt/p239/p239_050.txt
/home/malysheva/Speech_Recognition_seva/VCTK-Corpus/wav48/p239/p239_406.wav,/home/malysheva/Speech_Recognition_seva/VCTK-Corpus/txt/p239/p239_406.txt
/home/malysheva/Speech_Recognition_seva/VCTK-Corpus/wav48/p239/p239_367.wav,/home/malysheva/Speech_Recognition_seva/VCTK-Corpus/txt/p239/p239_367.txt
/home/malysheva/Speech_Recognition_seva/VCTK-Corpus/wav48/p239/p239_481.wav,/home/malysheva/Speech_Recognition_seva/VCTK-Corpus/txt/p239/p239_481.txt
/home/malysheva/Speech_Recognition_seva/VCTK-Corpus/wav48/p239/p239_485.wav,/home/malysheva/Speech_Recognition_seva/VCTK-Corpus/txt/p239/p239_485.txt
/home/malysheva/Speech_Recognition_seva/VCTK-Corpus/wav48/p239/p239_076.wav,/home/malysheva/Speech_Recognition_seva/VCTK-Corpus/txt/p239/p239_076.txt
/home/malysheva/Speech_Recognition_seva/VCTK-Corpus/wav48/p239/p239_101.wav,/home/malysheva/Speech_Recognition_seva/VCTK-Corpus/txt/p239/p239_101.txt
/home/malysheva/Speech_Recognition_seva/VCTK-Corpus/wav48/p239/p239_393.wav,/home/malysheva/Speech_Recognition_seva/VCTK-Corpus/txt/p239/p239_393.txt
/home/malysheva/Speech_Recognition_seva/VCTK-Corpus/wav48/p239/p239_345.wav,/home/malysheva/Speech_Recognition_seva/VCTK-Corpus/txt/p239/p239_345.txt
/home/malysheva/Speech_Recognition_seva/VCTK-Corpus/wav48/p239/p239_474.wav,/home/malysheva/Speech_Recognition_seva/VCTK-Corpus/txt/p239/p239_474.txt
/home/malysheva/Speech_Recognition_seva/VCTK-Corpus/wav48/p239/p239_447.wav,/home/malysheva/Speech_Recognition_seva/VCTK-Corpus/txt/p239/p239_447.txt
/home/malysheva/Speech_Recognition_seva/VCTK-Corpus/wav48/p239/p239_016.wav,/home/malysheva/Speech_Recognition_seva/VCTK-Corpus/txt/p239/p239_016.txt
/home/malysheva/Speech_Recognition_seva/VCTK-Corpus/wav48/p239/p239_267.wav,/home/malysheva/Speech_Recognition_seva/VCTK-Corpus/txt/p239/p239_267.txt
/home/malysheva/Speech_Recognition_seva/VCTK-Corpus/wav48/p239/p239_058.wav,/home/malysheva/Speech_Recognition_seva/VCTK-Corpus/txt/p239/p239_058.txt
/home/malysheva/Speech_Recognition_seva/VCTK-Corpus/wav48/p239/p239_029.wav,/home/malysheva/Speech_Recognition_seva/VCTK-Corpus/txt/p239/p239_029.txt
/home/malysheva/Speech_Recognition_seva/VCTK-Corpus/wav48/p239/p239_191.wav,/home/malysheva/Speech_Recognition_seva/VCTK-Corpus/txt/p239/p239_191.txt
/home/malysheva/Speech_Recognition_seva/VCTK-Corpus/wav48/p239/p239_176.wav,/home/malysheva/Speech_Recognition_seva/VCTK-Corpus/txt/p239/p239_176.txt
/home/malysheva/Speech_Recognition_seva/VCTK-Corpus/wav48/p239/p239_084.wav,/home/malysheva/Speech_Recognition_seva/VCTK-Corpus/txt/p239/p239_084.txt
/home/malysheva/Speech_Recognition_seva/VCTK-Corpus/wav48/p239/p239_224.wav,/home/malysheva/Speech_Recognition_seva/VCTK-Corpus/txt/p239/p239_224.txt
/home/malysheva/Speech_Recognition_seva/VCTK-Corpus/wav48/p239/p239_044.wav,/home/malysheva/Speech_Recognition_seva/VCTK-Corpus/txt/p239/p239_044.txt
/home/malysheva/Speech_Recognition_seva/VCTK-Corpus/wav48/p239/p239_043.wav,/home/malysheva/Speech_Recognition_seva/VCTK-Corpus/txt/p239/p239_043.txt
/home/malysheva/Speech_Recognition_seva/VCTK-Corpus/wav48/p239/p239_259.wav,/home/malysheva/Speech_Recognition_seva/VCTK-Corpus/txt/p239/p239_259.txt
/home/malysheva/Speech_Recognition_seva/VCTK-Corpus/wav48/p239/p239_031.wav,/home/malysheva/Speech_Recognition_seva/VCTK-Corpus/txt/p239/p239_031.txt
/home/malysheva/Speech_Recognition_seva/VCTK-Corpus/wav48/p239/p239_028.wav,/home/malysheva/Speech_Recognition_seva/VCTK-Corpus/txt/p239/p239_028.txt
/home/malysheva/Speech_Recognition_seva/VCTK-Corpus/wav48/p239/p239_260.wav,/home/malysheva/Speech_Recognition_seva/VCTK-Corpus/txt/p239/p239_260.txt
/home/malysheva/Speech_Recognition_seva/VCTK-Corpus/wav48/p239/p239_303.wav,/home/malysheva/Speech_Recognition_seva/VCTK-Corpus/txt/p239/p239_303.txt
/home/malysheva/Speech_Recognition_seva/VCTK-Corpus/wav48/p239/p239_083.wav,/home/malysheva/Speech_Recognition_seva/VCTK-Corpus/txt/p239/p239_083.txt
/home/malysheva/Speech_Recognition_seva/VCTK-Corpus/wav48/p239/p239_494.wav,/home/malysheva/Speech_Recognition_seva/VCTK-Corpus/txt/p239/p239_494.txt
/home/malysheva/Speech_Recognition_seva/VCTK-Corpus/wav48/p239/p239_276.wav,/home/malysheva/Speech_Recognition_seva/VCTK-Corpus/txt/p239/p239_276.txt
/home/malysheva/Speech_Recognition_seva/VCTK-Corpus/wav48/p239/p239_106.wav,/home/malysheva/Speech_Recognition_seva/VCTK-Corpus/txt/p239/p239_106.txt
/home/malysheva/Speech_Recognition_seva/VCTK-Corpus/wav48/p239/p239_035.wav,/home/malysheva/Speech_Recognition_seva/VCTK-Corpus/txt/p239/p239_035.txt
/home/malysheva/Speech_Recognition_seva/VCTK-Corpus/wav48/p239/p239_313.wav,/home/malysheva/Speech_Recognition_seva/VCTK-Corpus/txt/p239/p239_313.txt
/home/malysheva/Speech_Recognition_seva/VCTK-Corpus/wav48/p239/p239_060.wav,/home/malysheva/Speech_Recognition_seva/VCTK-Corpus/txt/p239/p239_060.txt
/home/malysheva/Speech_Recognition_seva/VCTK-Corpus/wav48/p239/p239_385.wav,/home/malysheva/Speech_Recognition_seva/VCTK-Corpus/txt/p239/p239_385.txt
/home/malysheva/Speech_Recognition_seva/VCTK-Corpus/wav48/p239/p239_359.wav,/home/malysheva/Speech_Recognition_seva/VCTK-Corpus/txt/p239/p239_359.txt
/home/malysheva/Speech_Recognition_seva/VCTK-Corpus/wav48/p239/p239_311.wav,/home/malysheva/Speech_Recognition_seva/VCTK-Corpus/txt/p239/p239_311.txt
/home/malysheva/Speech_Recognition_seva/VCTK-Corpus/wav48/p239/p239_152.wav,/home/malysheva/Speech_Recognition_seva/VCTK-Corpus/txt/p239/p239_152.txt
/home/malysheva/Speech_Recognition_seva/VCTK-Corpus/wav48/p239/p239_186.wav,/home/malysheva/Speech_Recognition_seva/VCTK-Corpus/txt/p239/p239_186.txt
/home/malysheva/Speech_Recognition_seva/VCTK-Corpus/wav48/p239/p239_316.wav,/home/malysheva/Speech_Recognition_seva/VCTK-Corpus/txt/p239/p239_316.txt
/home/malysheva/Speech_Recognition_seva/VCTK-Corpus/wav48/p239/p239_161.wav,/home/malysheva/Speech_Recognition_seva/VCTK-Corpus/txt/p239/p239_161.txt
/home/malysheva/Speech_Recognition_seva/VCTK-Corpus/wav48/p239/p239_338.wav,/home/malysheva/Speech_Recognition_seva/VCTK-Corpus/txt/p239/p239_338.txt
/home/malysheva/Speech_Recognition_seva/VCTK-Corpus/wav48/p239/p239_332.wav,/home/malysheva/Speech_Recognition_seva/VCTK-Corpus/txt/p239/p239_332.txt
/home/malysheva/Speech_Recognition_seva/VCTK-Corpus/wav48/p239/p239_137.wav,/home/malysheva/Speech_Recognition_seva/VCTK-Corpus/txt/p239/p239_137.txt
/home/malysheva/Speech_Recognition_seva/VCTK-Corpus/wav48/p239/p239_437.wav,/home/malysheva/Speech_Recognition_seva/VCTK-Corpus/txt/p239/p239_437.txt
/home/malysheva/Speech_Recognition_seva/VCTK-Corpus/wav48/p239/p239_278.wav,/home/malysheva/Speech_Recognition_seva/VCTK-Corpus/txt/p239/p239_278.txt
/home/malysheva/Speech_Recognition_seva/VCTK-Corpus/wav48/p239/p239_371.wav,/home/malysheva/Speech_Recognition_seva/VCTK-Corpus/txt/p239/p239_371.txt
/home/malysheva/Speech_Recognition_seva/VCTK-Corpus/wav48/p239/p239_046.wav,/home/malysheva/Speech_Recognition_seva/VCTK-Corpus/txt/p239/p239_046.txt
/home/malysheva/Speech_Recognition_seva/VCTK-Corpus/wav48/p239/p239_170.wav,/home/malysheva/Speech_Recognition_seva/VCTK-Corpus/txt/p239/p239_170.txt
/home/malysheva/Speech_Recognition_seva/VCTK-Corpus/wav48/p239/p239_207.wav,/home/malysheva/Speech_Recognition_seva/VCTK-Corpus/txt/p239/p239_207.txt
/home/malysheva/Speech_Recognition_seva/VCTK-Corpus/wav48/p239/p239_174.wav,/home/malysheva/Speech_Recognition_seva/VCTK-Corpus/txt/p239/p239_174.txt
/home/malysheva/Speech_Recognition_seva/VCTK-Corpus/wav48/p239/p239_182.wav,/home/malysheva/Speech_Recognition_seva/VCTK-Corpus/txt/p239/p239_182.txt
/home/malysheva/Speech_Recognition_seva/VCTK-Corpus/wav48/p239/p239_154.wav,/home/malysheva/Speech_Recognition_seva/VCTK-Corpus/txt/p239/p239_154.txt
/home/malysheva/Speech_Recognition_seva/VCTK-Corpus/wav48/p239/p239_239.wav,/home/malysheva/Speech_Recognition_seva/VCTK-Corpus/txt/p239/p239_239.txt
/home/malysheva/Speech_Recognition_seva/VCTK-Corpus/wav48/p239/p239_119.wav,/home/malysheva/Speech_Recognition_seva/VCTK-Corpus/txt/p239/p239_119.txt
/home/malysheva/Speech_Recognition_seva/VCTK-Corpus/wav48/p239/p239_163.wav,/home/malysheva/Speech_Recognition_seva/VCTK-Corpus/txt/p239/p239_163.txt
/home/malysheva/Speech_Recognition_seva/VCTK-Corpus/wav48/p239/p239_418.wav,/home/malysheva/Speech_Recognition_seva/VCTK-Corpus/txt/p239/p239_418.txt
/home/malysheva/Speech_Recognition_seva/VCTK-Corpus/wav48/p239/p239_477.wav,/home/malysheva/Speech_Recognition_seva/VCTK-Corpus/txt/p239/p239_477.txt
/home/malysheva/Speech_Recognition_seva/VCTK-Corpus/wav48/p239/p239_042.wav,/home/malysheva/Speech_Recognition_seva/VCTK-Corpus/txt/p239/p239_042.txt
/home/malysheva/Speech_Recognition_seva/VCTK-Corpus/wav48/p239/p239_441.wav,/home/malysheva/Speech_Recognition_seva/VCTK-Corpus/txt/p239/p239_441.txt
/home/malysheva/Speech_Recognition_seva/VCTK-Corpus/wav48/p239/p239_024.wav,/home/malysheva/Speech_Recognition_seva/VCTK-Corpus/txt/p239/p239_024.txt
/home/malysheva/Speech_Recognition_seva/VCTK-Corpus/wav48/p239/p239_082.wav,/home/malysheva/Speech_Recognition_seva/VCTK-Corpus/txt/p239/p239_082.txt
/home/malysheva/Speech_Recognition_seva/VCTK-Corpus/wav48/p239/p239_178.wav,/home/malysheva/Speech_Recognition_seva/VCTK-Corpus/txt/p239/p239_178.txt
/home/malysheva/Speech_Recognition_seva/VCTK-Corpus/wav48/p239/p239_488.wav,/home/malysheva/Speech_Recognition_seva/VCTK-Corpus/txt/p239/p239_488.txt
/home/malysheva/Speech_Recognition_seva/VCTK-Corpus/wav48/p239/p239_428.wav,/home/malysheva/Speech_Recognition_seva/VCTK-Corpus/txt/p239/p239_428.txt
/home/malysheva/Speech_Recognition_seva/VCTK-Corpus/wav48/p239/p239_446.wav,/home/malysheva/Speech_Recognition_seva/VCTK-Corpus/txt/p239/p239_446.txt
/home/malysheva/Speech_Recognition_seva/VCTK-Corpus/wav48/p239/p239_491.wav,/home/malysheva/Speech_Recognition_seva/VCTK-Corpus/txt/p239/p239_491.txt
/home/malysheva/Speech_Recognition_seva/VCTK-Corpus/wav48/p239/p239_194.wav,/home/malysheva/Speech_Recognition_seva/VCTK-Corpus/txt/p239/p239_194.txt
/home/malysheva/Speech_Recognition_seva/VCTK-Corpus/wav48/p239/p239_251.wav,/home/malysheva/Speech_Recognition_seva/VCTK-Corpus/txt/p239/p239_251.txt
/home/malysheva/Speech_Recognition_seva/VCTK-Corpus/wav48/p239/p239_130.wav,/home/malysheva/Speech_Recognition_seva/VCTK-Corpus/txt/p239/p239_130.txt
/home/malysheva/Speech_Recognition_seva/VCTK-Corpus/wav48/p239/p239_493.wav,/home/malysheva/Speech_Recognition_seva/VCTK-Corpus/txt/p239/p239_493.txt
/home/malysheva/Speech_Recognition_seva/VCTK-Corpus/wav48/p239/p239_462.wav,/home/malysheva/Speech_Recognition_seva/VCTK-Corpus/txt/p239/p239_462.txt
/home/malysheva/Speech_Recognition_seva/VCTK-Corpus/wav48/p239/p239_270.wav,/home/malysheva/Speech_Recognition_seva/VCTK-Corpus/txt/p239/p239_270.txt
/home/malysheva/Speech_Recognition_seva/VCTK-Corpus/wav48/p239/p239_007.wav,/home/malysheva/Speech_Recognition_seva/VCTK-Corpus/txt/p239/p239_007.txt
/home/malysheva/Speech_Recognition_seva/VCTK-Corpus/wav48/p239/p239_026.wav,/home/malysheva/Speech_Recognition_seva/VCTK-Corpus/txt/p239/p239_026.txt
/home/malysheva/Speech_Recognition_seva/VCTK-Corpus/wav48/p239/p239_115.wav,/home/malysheva/Speech_Recognition_seva/VCTK-Corpus/txt/p239/p239_115.txt
/home/malysheva/Speech_Recognition_seva/VCTK-Corpus/wav48/p239/p239_383.wav,/home/malysheva/Speech_Recognition_seva/VCTK-Corpus/txt/p239/p239_383.txt
/home/malysheva/Speech_Recognition_seva/VCTK-Corpus/wav48/p239/p239_482.wav,/home/malysheva/Speech_Recognition_seva/VCTK-Corpus/txt/p239/p239_482.txt
/home/malysheva/Speech_Recognition_seva/VCTK-Corpus/wav48/p239/p239_297.wav,/home/malysheva/Speech_Recognition_seva/VCTK-Corpus/txt/p239/p239_297.txt
/home/malysheva/Speech_Recognition_seva/VCTK-Corpus/wav48/p239/p239_067.wav,/home/malysheva/Speech_Recognition_seva/VCTK-Corpus/txt/p239/p239_067.txt
/home/malysheva/Speech_Recognition_seva/VCTK-Corpus/wav48/p239/p239_296.wav,/home/malysheva/Speech_Recognition_seva/VCTK-Corpus/txt/p239/p239_296.txt
/home/malysheva/Speech_Recognition_seva/VCTK-Corpus/wav48/p239/p239_128.wav,/home/malysheva/Speech_Recognition_seva/VCTK-Corpus/txt/p239/p239_128.txt
/home/malysheva/Speech_Recognition_seva/VCTK-Corpus/wav48/p239/p239_048.wav,/home/malysheva/Speech_Recognition_seva/VCTK-Corpus/txt/p239/p239_048.txt
/home/malysheva/Speech_Recognition_seva/VCTK-Corpus/wav48/p239/p239_320.wav,/home/malysheva/Speech_Recognition_seva/VCTK-Corpus/txt/p239/p239_320.txt
/home/malysheva/Speech_Recognition_seva/VCTK-Corpus/wav48/p239/p239_423.wav,/home/malysheva/Speech_Recognition_seva/VCTK-Corpus/txt/p239/p239_423.txt
/home/malysheva/Speech_Recognition_seva/VCTK-Corpus/wav48/p239/p239_409.wav,/home/malysheva/Speech_Recognition_seva/VCTK-Corpus/txt/p239/p239_409.txt
/home/malysheva/Speech_Recognition_seva/VCTK-Corpus/wav48/p239/p239_041.wav,/home/malysheva/Speech_Recognition_seva/VCTK-Corpus/txt/p239/p239_041.txt
/home/malysheva/Speech_Recognition_seva/VCTK-Corpus/wav48/p239/p239_254.wav,/home/malysheva/Speech_Recognition_seva/VCTK-Corpus/txt/p239/p239_254.txt
/home/malysheva/Speech_Recognition_seva/VCTK-Corpus/wav48/p239/p239_122.wav,/home/malysheva/Speech_Recognition_seva/VCTK-Corpus/txt/p239/p239_122.txt
/home/malysheva/Speech_Recognition_seva/VCTK-Corpus/wav48/p239/p239_356.wav,/home/malysheva/Speech_Recognition_seva/VCTK-Corpus/txt/p239/p239_356.txt
/home/malysheva/Speech_Recognition_seva/VCTK-Corpus/wav48/p239/p239_292.wav,/home/malysheva/Speech_Recognition_seva/VCTK-Corpus/txt/p239/p239_292.txt
/home/malysheva/Speech_Recognition_seva/VCTK-Corpus/wav48/p239/p239_282.wav,/home/malysheva/Speech_Recognition_seva/VCTK-Corpus/txt/p239/p239_282.txt
/home/malysheva/Speech_Recognition_seva/VCTK-Corpus/wav48/p239/p239_102.wav,/home/malysheva/Speech_Recognition_seva/VCTK-Corpus/txt/p239/p239_102.txt
/home/malysheva/Speech_Recognition_seva/VCTK-Corpus/wav48/p239/p239_215.wav,/home/malysheva/Speech_Recognition_seva/VCTK-Corpus/txt/p239/p239_215.txt
/home/malysheva/Speech_Recognition_seva/VCTK-Corpus/wav48/p239/p239_352.wav,/home/malysheva/Speech_Recognition_seva/VCTK-Corpus/txt/p239/p239_352.txt
/home/malysheva/Speech_Recognition_seva/VCTK-Corpus/wav48/p239/p239_340.wav,/home/malysheva/Speech_Recognition_seva/VCTK-Corpus/txt/p239/p239_340.txt
/home/malysheva/Speech_Recognition_seva/VCTK-Corpus/wav48/p239/p239_230.wav,/home/malysheva/Speech_Recognition_seva/VCTK-Corpus/txt/p239/p239_230.txt
/home/malysheva/Speech_Recognition_seva/VCTK-Corpus/wav48/p239/p239_376.wav,/home/malysheva/Speech_Recognition_seva/VCTK-Corpus/txt/p239/p239_376.txt
/home/malysheva/Speech_Recognition_seva/VCTK-Corpus/wav48/p239/p239_486.wav,/home/malysheva/Speech_Recognition_seva/VCTK-Corpus/txt/p239/p239_486.txt
/home/malysheva/Speech_Recognition_seva/VCTK-Corpus/wav48/p239/p239_365.wav,/home/malysheva/Speech_Recognition_seva/VCTK-Corpus/txt/p239/p239_365.txt
/home/malysheva/Speech_Recognition_seva/VCTK-Corpus/wav48/p239/p239_095.wav,/home/malysheva/Speech_Recognition_seva/VCTK-Corpus/txt/p239/p239_095.txt
/home/malysheva/Speech_Recognition_seva/VCTK-Corpus/wav48/p239/p239_408.wav,/home/malysheva/Speech_Recognition_seva/VCTK-Corpus/txt/p239/p239_408.txt
/home/malysheva/Speech_Recognition_seva/VCTK-Corpus/wav48/p239/p239_065.wav,/home/malysheva/Speech_Recognition_seva/VCTK-Corpus/txt/p239/p239_065.txt
/home/malysheva/Speech_Recognition_seva/VCTK-Corpus/wav48/p239/p239_025.wav,/home/malysheva/Speech_Recognition_seva/VCTK-Corpus/txt/p239/p239_025.txt
/home/malysheva/Speech_Recognition_seva/VCTK-Corpus/wav48/p239/p239_133.wav,/home/malysheva/Speech_Recognition_seva/VCTK-Corpus/txt/p239/p239_133.txt
/home/malysheva/Speech_Recognition_seva/VCTK-Corpus/wav48/p239/p239_349.wav,/home/malysheva/Speech_Recognition_seva/VCTK-Corpus/txt/p239/p239_349.txt
/home/malysheva/Speech_Recognition_seva/VCTK-Corpus/wav48/p239/p239_160.wav,/home/malysheva/Speech_Recognition_seva/VCTK-Corpus/txt/p239/p239_160.txt
/home/malysheva/Speech_Recognition_seva/VCTK-Corpus/wav48/p239/p239_100.wav,/home/malysheva/Speech_Recognition_seva/VCTK-Corpus/txt/p239/p239_100.txt
/home/malysheva/Speech_Recognition_seva/VCTK-Corpus/wav48/p239/p239_291.wav,/home/malysheva/Speech_Recognition_seva/VCTK-Corpus/txt/p239/p239_291.txt
/home/malysheva/Speech_Recognition_seva/VCTK-Corpus/wav48/p239/p239_293.wav,/home/malysheva/Speech_Recognition_seva/VCTK-Corpus/txt/p239/p239_293.txt
/home/malysheva/Speech_Recognition_seva/VCTK-Corpus/wav48/p239/p239_366.wav,/home/malysheva/Speech_Recognition_seva/VCTK-Corpus/txt/p239/p239_366.txt
/home/malysheva/Speech_Recognition_seva/VCTK-Corpus/wav48/p239/p239_138.wav,/home/malysheva/Speech_Recognition_seva/VCTK-Corpus/txt/p239/p239_138.txt
/home/malysheva/Speech_Recognition_seva/VCTK-Corpus/wav48/p239/p239_183.wav,/home/malysheva/Speech_Recognition_seva/VCTK-Corpus/txt/p239/p239_183.txt
/home/malysheva/Speech_Recognition_seva/VCTK-Corpus/wav48/p239/p239_173.wav,/home/malysheva/Speech_Recognition_seva/VCTK-Corpus/txt/p239/p239_173.txt
/home/malysheva/Speech_Recognition_seva/VCTK-Corpus/wav48/p239/p239_071.wav,/home/malysheva/Speech_Recognition_seva/VCTK-Corpus/txt/p239/p239_071.txt
/home/malysheva/Speech_Recognition_seva/VCTK-Corpus/wav48/p239/p239_005.wav,/home/malysheva/Speech_Recognition_seva/VCTK-Corpus/txt/p239/p239_005.txt
/home/malysheva/Speech_Recognition_seva/VCTK-Corpus/wav48/p239/p239_214.wav,/home/malysheva/Speech_Recognition_seva/VCTK-Corpus/txt/p239/p239_214.txt
/home/malysheva/Speech_Recognition_seva/VCTK-Corpus/wav48/p239/p239_308.wav,/home/malysheva/Speech_Recognition_seva/VCTK-Corpus/txt/p239/p239_308.txt
/home/malysheva/Speech_Recognition_seva/VCTK-Corpus/wav48/p239/p239_201.wav,/home/malysheva/Speech_Recognition_seva/VCTK-Corpus/txt/p239/p239_201.txt
/home/malysheva/Speech_Recognition_seva/VCTK-Corpus/wav48/p239/p239_357.wav,/home/malysheva/Speech_Recognition_seva/VCTK-Corpus/txt/p239/p239_357.txt
/home/malysheva/Speech_Recognition_seva/VCTK-Corpus/wav48/p239/p239_018.wav,/home/malysheva/Speech_Recognition_seva/VCTK-Corpus/txt/p239/p239_018.txt
/home/malysheva/Speech_Recognition_seva/VCTK-Corpus/wav48/p239/p239_236.wav,/home/malysheva/Speech_Recognition_seva/VCTK-Corpus/txt/p239/p239_236.txt
/home/malysheva/Speech_Recognition_seva/VCTK-Corpus/wav48/p239/p239_235.wav,/home/malysheva/Speech_Recognition_seva/VCTK-Corpus/txt/p239/p239_235.txt
/home/malysheva/Speech_Recognition_seva/VCTK-Corpus/wav48/p239/p239_089.wav,/home/malysheva/Speech_Recognition_seva/VCTK-Corpus/txt/p239/p239_089.txt
/home/malysheva/Speech_Recognition_seva/VCTK-Corpus/wav48/p239/p239_228.wav,/home/malysheva/Speech_Recognition_seva/VCTK-Corpus/txt/p239/p239_228.txt
/home/malysheva/Speech_Recognition_seva/VCTK-Corpus/wav48/p239/p239_196.wav,/home/malysheva/Speech_Recognition_seva/VCTK-Corpus/txt/p239/p239_196.txt
/home/malysheva/Speech_Recognition_seva/VCTK-Corpus/wav48/p239/p239_094.wav,/home/malysheva/Speech_Recognition_seva/VCTK-Corpus/txt/p239/p239_094.txt
/home/malysheva/Speech_Recognition_seva/VCTK-Corpus/wav48/p239/p239_110.wav,/home/malysheva/Speech_Recognition_seva/VCTK-Corpus/txt/p239/p239_110.txt
/home/malysheva/Speech_Recognition_seva/VCTK-Corpus/wav48/p239/p239_501.wav,/home/malysheva/Speech_Recognition_seva/VCTK-Corpus/txt/p239/p239_501.txt
/home/malysheva/Speech_Recognition_seva/VCTK-Corpus/wav48/p239/p239_454.wav,/home/malysheva/Speech_Recognition_seva/VCTK-Corpus/txt/p239/p239_454.txt
/home/malysheva/Speech_Recognition_seva/VCTK-Corpus/wav48/p239/p239_264.wav,/home/malysheva/Speech_Recognition_seva/VCTK-Corpus/txt/p239/p239_264.txt
/home/malysheva/Speech_Recognition_seva/VCTK-Corpus/wav48/p239/p239_358.wav,/home/malysheva/Speech_Recognition_seva/VCTK-Corpus/txt/p239/p239_358.txt
/home/malysheva/Speech_Recognition_seva/VCTK-Corpus/wav48/p239/p239_322.wav,/home/malysheva/Speech_Recognition_seva/VCTK-Corpus/txt/p239/p239_322.txt
/home/malysheva/Speech_Recognition_seva/VCTK-Corpus/wav48/p239/p239_177.wav,/home/malysheva/Speech_Recognition_seva/VCTK-Corpus/txt/p239/p239_177.txt
/home/malysheva/Speech_Recognition_seva/VCTK-Corpus/wav48/p239/p239_414.wav,/home/malysheva/Speech_Recognition_seva/VCTK-Corpus/txt/p239/p239_414.txt
/home/malysheva/Speech_Recognition_seva/VCTK-Corpus/wav48/p239/p239_290.wav,/home/malysheva/Speech_Recognition_seva/VCTK-Corpus/txt/p239/p239_290.txt
/home/malysheva/Speech_Recognition_seva/VCTK-Corpus/wav48/p239/p239_497.wav,/home/malysheva/Speech_Recognition_seva/VCTK-Corpus/txt/p239/p239_497.txt
/home/malysheva/Speech_Recognition_seva/VCTK-Corpus/wav48/p239/p239_261.wav,/home/malysheva/Speech_Recognition_seva/VCTK-Corpus/txt/p239/p239_261.txt
/home/malysheva/Speech_Recognition_seva/VCTK-Corpus/wav48/p239/p239_246.wav,/home/malysheva/Speech_Recognition_seva/VCTK-Corpus/txt/p239/p239_246.txt
/home/malysheva/Speech_Recognition_seva/VCTK-Corpus/wav48/p239/p239_347.wav,/home/malysheva/Speech_Recognition_seva/VCTK-Corpus/txt/p239/p239_347.txt
/home/malysheva/Speech_Recognition_seva/VCTK-Corpus/wav48/p239/p239_193.wav,/home/malysheva/Speech_Recognition_seva/VCTK-Corpus/txt/p239/p239_193.txt
/home/malysheva/Speech_Recognition_seva/VCTK-Corpus/wav48/p239/p239_317.wav,/home/malysheva/Speech_Recognition_seva/VCTK-Corpus/txt/p239/p239_317.txt
/home/malysheva/Speech_Recognition_seva/VCTK-Corpus/wav48/p239/p239_008.wav,/home/malysheva/Speech_Recognition_seva/VCTK-Corpus/txt/p239/p239_008.txt
/home/malysheva/Speech_Recognition_seva/VCTK-Corpus/wav48/p239/p239_144.wav,/home/malysheva/Speech_Recognition_seva/VCTK-Corpus/txt/p239/p239_144.txt
